{
  "name": "bulkpatreon",
  "title": "bulkpatreon",
  "description": "Collection of patreon links",
  "version": "1.0.1",
  "minimumCoreVersion": "0.7.9",
  "compatibleCoreVersion": "9",
  "author": "ginnoir",
  "authors": [
    {
      "name": "ginnoir"
    }
  ],
  "packs": [],
  "esmodules": [
    "./scripts/init.js"
  ],
  "dependencies": [
	{
		"name": "Moonlight Maps - BlacksmithStore",
		"manifest": "https://www.dropbox.com/s/nn2db3flh82rdw3/module.json?dl=1"
	},
	{
		"name": "Moonlight Maps - CaveEntrance",
		"manifest": "https://www.dropbox.com/s/2wudhp1kxsqtffk/module.json?dl=1"
	},
	{
		"name": "Moonlight Maps - DarkCavern",
		"manifest": "https://www.dropbox.com/s/llfiy4tpkin5spn/module.json?dl=1"
	},
	{
		"name": "Moonlight Maps - FeyForest",
		"manifest": "https://www.dropbox.com/s/w3sgpkb96l6wncv/module.json?dl=1"
	},
	{
		"name": "Moonlight Maps - FeyRiver",
		"manifest": "https://www.dropbox.com/s/qnyy917raahnrcp/module.json?dl=1"
	},
	{
		"name": "Moonlight Maps - FightingPit",
		"manifest": "https://www.dropbox.com/s/tq4nl2bhc7ugwxt/module.json?dl=1"
	},
	{
		"name": "Moonlight Maps - ForestCottage",
		"manifest": "https://www.dropbox.com/s/135ghp1hlbrhgur/module.json?dl=1"
	},
	{
		"name": "Moonlight Maps - ForestGlade",
		"manifest": "https://www.dropbox.com/s/bu2kforaoi1yxoh/module.json?dl=1"
	},
	{
		"name": "Moonlight Maps - GraveyardMausoleum",
		"manifest": "https://www.dropbox.com/s/ywxpm73rohg3cln/module.json?dl=1"
	},
	{
		"name": "Moonlight Maps - CliffPass",
		"manifest": "https://www.dropbox.com/s/c4yieskjc6kudat/module.json?dl=1"
	},
	{
		"name": "Moonlight Maps - CliffEdge",
		"manifest": "https://www.dropbox.com/s/4uf4iapqvqdp6sx/module.json?dl=1"
	},
	{
		"name": "Moonlight Maps - Riverside",
		"manifest": "https://www.dropbox.com/s/32poo9dm5ifpr3e/module.json?dl=1"
	},
	{
		"name": "Moonlight Maps - ForestRoad",
		"manifest": "https://www.dropbox.com/s/3lv50vefx4ievvr/module.json?dl=1"
	},
	{
		"name": "Moonlight Maps - HilltopRitual",
		"manifest": "https://www.dropbox.com/s/8emwbxn3cujzi0l/module.json?dl=1"
	},
	{
		"name": "Moonlight Maps - HuntersRavine",
		"manifest": "https://www.dropbox.com/s/3f24he56yydkkdy/module.json?dl=1"
	},
	{
		"name": "Moonlight Maps - GeneralStore",
		"manifest": "https://www.dropbox.com/s/21wflu0yvxezqdl/module.json?dl=1"
	},
	{
		"name": "Moonlight Maps - LakesideVillage",
		"manifest": "https://www.dropbox.com/s/dbc4xi6824yyziy/module.json?dl=1"
	},
	{
		"name": "Moonlight Maps - VillageOutskirts",
		"manifest": "https://www.dropbox.com/s/oyi9bvn6v38av39/module.json?dl=1"
	},
	{
		"name": "Moonlight Maps - NordicThrone",
		"manifest": "https://www.dropbox.com/s/8z47k16kah90bk3/module.json?dl=1"
	},
	{
		"name": "Moonlight Maps - StoneBridge",
		"manifest": "https://www.dropbox.com/s/yx59jieqrkue76o/module.json?dl=1"
	},
	{
		"name": "Moonlight Maps - TheTavern",
		"manifest": "https://www.dropbox.com/s/6np8ktr9y22we5m/module.json?dl=1"
	},
	{
		"name": "Moonlight Maps - VillageFestival",
		"manifest": "https://www.dropbox.com/s/sk3v9q0rieoie4g/module.json?dl=1"
	},
	{
		"name": "Moonlight Maps - MountainBridge",
		"manifest": "https://www.dropbox.com/s/4r5oz9asg6l7abi/module.json?dl=1"
	},
	{
		"name": "Moonlight Maps - CaravanCamp",
		"manifest": "https://www.dropbox.com/s/tyoszczvyrubybj/module.json?dl=1"
	},
	{
		"name": "Moonlight Maps - MountainTemple",
		"manifest": "https://www.dropbox.com/s/dm6x43pdozdlv7b/module.json?dl=1"
	},
	{
		"name": "Moonlight Maps - JungleCamp",
		"manifest": "https://www.dropbox.com/s/nkydcft2ypjvp5j/module.json?dl=1"
	},
	{
		"name": "Moonlight Maps - HeatherHouse",
		"manifest": "https://www.dropbox.com/s/ma7qdfhtoomega5/module.json?dl=1"
	},
	{
		"name": "Moonlight Maps - FeyPool",
		"manifest": "https://www.dropbox.com/s/kvyax3gwg1ufygj/module.json?dl=1"
	},
	{
		"name": "Moonlight Maps - ForestSwitchMaps",
		"manifest": "https://www.dropbox.com/s/6u1pghbtd3mt3uh/module.json?dl=1"
	},
	{
		"name": "Moonlight Maps - RoadsideCamp",
		"manifest": "https://www.dropbox.com/s/e735ax282h76kj4/module.json?dl=1"
	},
	{
		"name": "Moonlight Maps - UnderdarkTiers",
		"manifest": "https://www.dropbox.com/s/f65rit7f5do7tfm/module.json?dl=1"
	},
	{
		"name": "Moonlight Maps - KingoftheHill",
		"manifest": "https://www.dropbox.com/s/fox1r1sgnnxova8/module.json?dl=1"
	},
	{
		"name": "Moonlight Maps - CityTavern",
		"manifest": "https://www.dropbox.com/s/igucz2knsy62zip/module.json?dl=1"
	},
	{
		"name": "Moonlight Maps - WizardsTower",
		"manifest": "https://www.dropbox.com/s/zaxn6jlidv1jw3b/module.json?dl=1"
	},
	{
		"name": "Moonlight Maps - SwampPath",
		"manifest": "https://www.dropbox.com/s/vcmxkugfpr03x16/module.json?dl=1"
	},
	{
		"name": "Moonlight Maps - MagicShop",
		"manifest": "https://www.dropbox.com/s/vwzudvdjb631z6j/module.json?dl=1"
	},
	{
		"name": "Moonlight Maps - CityStreet",
		"manifest": "https://www.dropbox.com/s/a9elnrev3213t58/module.json?dl=1"
	},
	{
		"name": "Moonlight Maps - ForestStreamCrossing",
		"manifest": "https://www.dropbox.com/s/05hzsgiw4uv89r9/module.json?dl=1"
	},
	{
		"name": "Moonlight Maps - ArcheryTournament",
		"manifest": "https://www.dropbox.com/s/v9t8tdrio8x04wq/module.json?dl=1"
	},
	{
		"name": "Moonlight Maps - CanyonPass",
		"manifest": "https://dl.dropbox.com/s/n6miamrr51pmwvt/module.json"
	},
	{
		"name": "Moonlight Maps - CoastalForest",
		"manifest": "https://dl.dropbox.com/s/ivbvfy2k3urdirb/module.json"
	},
	{
		"name": "Moonlight Maps - HillsideRuins",
		"manifest": "https://dl.dropbox.com/s/tth46pxw3n6f9qq/module.json"
	},
	{
		"name": "Moonlight Maps - CityMarket",
		"manifest": "https://dl.dropbox.com/s/xbkpuezb2td4ml5/module.json"
	},
	{
		"name": "Moonlight Maps - Catacombs",
		"manifest": "https://dl.dropbox.com/s/hdthcilxzil5v24/module.json"
	},
	{
		"name": "Moonlight Maps - DungeonPrison",
		"manifest": "https://dl.dropbox.com/s/yu3j5j5xd6bn3na/module.json"
	},
	{
		"name": "Moonlight Maps - ForestValley",
		"manifest": "https://dl.dropbox.com/s/q3by2q3mll6kt5f/module.json"
	},
	{
		"name": "Moonlight Maps - MountainGate",
		"manifest": "https://dl.dropbox.com/s/syfx5jafpsr3fdl/module.json"
	},
	{
		"name": "Moonlight Maps - DragonsLairCavern",
		"manifest": "https://dl.dropbox.com/s/h40z5h7r8izlbdf/module.json"
	},
	{
		"name": "Moonlight Maps - AncientPortal",
		"manifest": "https://dl.dropbox.com/s/fpavjqusu4tzlxw/module.json"
	},
	{
		"name": "Moonlight Maps - CityFountain",
		"manifest": "https://dl.dropbox.com/s/xzi9geq9vkwclw0/module.json"
	},
	{
		"name": "Moonlight Maps - DungeonCult",
		"manifest": "https://dl.dropbox.com/s/d5s9g38ekp4im2r/module.json"
	},
	{
		"name": "Moonlight Maps - ColossusStatue",
		"manifest": "https://dl.dropbox.com/s/7klhkcfjhynezst/module.json"
	},
	{
		"name": "Moonlight Maps - CavePool",
		"manifest": "https://dl.dropbox.com/s/fmh2rx9ebs5zu68/module.json"
	},
	{
		"name": "The Mad Cartographer - Deserts",
		"manifest": "https://themadcartographer.com/downloads/theme/17-deserts-mf9mfff43/module.json"
	},
	{
		"name": "The Mad Cartographer - Faewilds",
		"manifest": "https://themadcartographer.com/downloads/theme/16-faewilds-n30fmg03f/module.json"
	},
	{
		"name": "The Mad Cartographer - WretchedCaverns",
		"manifest": "https://themadcartographer.com/downloads/theme/00-adventures/mad-woadvwretched-5125559sa/module.json"
	},
	{
		"name": "The Mad Cartographer - TownsCities",
		"manifest": "https://themadcartographer.com/downloads/theme/15-townscities-g39jdfggg/module.json"
	},
	{
		"name": "The Mad Cartographer - DreadedDomainsFoundryMapPack",
		"manifest": "https://themadcartographer.com/downloads/theme/14-dreadeddomains2-kfn904nfnf/module.json"
	},
	{
		"name": "The Mad Cartographer - CavernsThemeFoundryMapPack",
		"manifest": "https://themadcartographer.com/downloads/theme/01-caverns/02-MAP-93nndigksifje3ikk/module.json"
	},
	{
		"name": "The Mad Cartographer - UrbanExteriorsThemeFoundryMapPack",
		"manifest": "https://themadcartographer.com/downloads/theme/02-urbanext/02-MAP-jsdjjioapfifj/module.json"
	},
	{
		"name": "The Mad Cartographer - ForestWildernessThemeFoundryMapPack",
		"manifest": "https://themadcartographer.com/downloads/theme/02-urbanext/02-MAP-jsdjjioapfifj/module.json"
	},
	{
		"name": "The Mad Cartographer - SummerBundleFoundryMapPack",
		"manifest": "https://themadcartographer.com/downloads/theme/00-adventures/summer-bundle-mf93f/module.json"
	},
	{
		"name": "The Mad Cartographer - FountainofOchkhoroFoundryAdventure",
		"manifest": "https://themadcartographer.com/downloads/theme/00-adventures/wo-fountochk-9jg4njdg/module.json"
	},
	{
		"name": "The Mad Cartographer - DreadedDomains",
		"manifest": "https://themadcartographer.com/downloads/theme/13-dreadeddomains/01-ATT-FVTT-0kf9j3f/module.json"
	},
	{
		"name": "The Mad Cartographer - TheWormWitchFoundryAdventure",
		"manifest": "https://themadcartographer.com/downloads/theme/00-adventures/dml-thewormwitch-f9o4k0kfff/module.json"
	},
	{
		"name": "The Mad Cartographer - Adventures",
		"manifest": "https://themadcartographer.com/downloads/theme/12-adventures/01-ATT-j49mdjg/FoundryVTT-38ij8jg/module.json"
	},
	{
		"name": "The Mad Cartographer - WizardsChoiceFoundryMapPack",
		"manifest": "https://themadcartographer.com/downloads/theme/11-wizardschoice/01-ATT-09jkf30j0s/FoundryVTT-309jd0jg/module.json"
	},
	{
		"name": "The Mad Cartographer - WormWitchFoundryAdventure",
		"manifest": "https://themadcartographer.com/downloads/theme/00-adventures/dml-thewormwitch-f9o4k0kfff/module.json"
	},
	{
		"name": "The Mad Cartographer - WormWitchFiles",
		"manifest": "https://themadcartographer.com/downloads/theme/00-adventures/dml-thewormwitch-f9o4k0kfff/The-Worm-Witch.zip"
	},
	{
		"name": "The Mad Cartographer - CavernsUrbanExteriorsForestWildernessandMythicGreece",
		"manifest": "https://themadcartographer.com/downloads/theme/06-cotf/01-ATT-83bhde9of/MAD-AllTheThingsContent.pdf"
	},
	{
		"name": "The Mad Cartographer - Swamps",
		"manifest": "https://themadcartographer.com/downloads/theme/08-swamp/01-ATT-fmskffgg/module.json"
	},
	{
		"name": "The Mad Cartographer - ThingsFrozen",
		"manifest": "https://themadcartographer.com/downloads/theme/00-adventures/dml-thingsfrozen-or0f3fg/module.json"
	},
	{
		"name": "The Mad Cartographer - ClassicDungeons2",
		"manifest": "https://themadcartographer.com/downloads/theme/10-classdun2/02-MAP-kfmrfj94/FoundryVTT-0rd3rgf/module.json"
	},
	{
		"name": "The Mad Cartographer - ClassicDungeonsMapPack",
		"manifest": "https://themadcartographer.com/downloads/theme/09-classdun/01-ATT-n29fgndd/module.json"
	},
	{
		"name": "The Mad Cartographer - WeekendOneshotAdventure1BeneathSurestoneAbbey",
		"manifest": "https://themadcartographer.com/downloads/theme/00-adventures/wo-surestone-88nfjdif/module.json"
	},
	{
		"name": "The Mad Cartographer - WeekendOneshotAdventure2CultofthePurpleKnight",
		"manifest": "https://themadcartographer.com/downloads/theme/00-adventures/wo-purpleknife-sngbleje/module.json"
	},
	{
		"name": "The Mad Cartographer - WeekendOneshotAdventure3DorgathsCrypt",
		"manifest": "https://themadcartographer.com/downloads/theme/00-adventures/wo-dorgathscrypt-ofnfu54944/module.json"
	},
	{
		"name": "The Mad Cartographer - PickNMix2Theme",
		"manifest": "https://themadcartographer.com/downloads/theme/18-picknmix2-f9jf43e/module.json"
	},
	{
		"name": "The Mad Cartographer - CraftyCollection",
		"manifest": "https://themadcartographer.com/downloads/theme/00-adventures/crafty-collection-93rjnr9f/module.json"
	},
	{
		"name": "The Mad Cartographer - CurseoftheFrostmaidenTheme",
		"manifest": "https://themadcartographer.com/downloads/theme/06-cotf/01-ATT-83bhde9of/module.json"
	},
	{
		"name": "The Mad Cartographer - MedusaLairAdventure",
		"manifest": "https://themadcartographer.com/downloads/theme/00-adventures/mad-woadvmedusa-h1555555/module.json"
	},
	{
		"name": "The Mad Cartographer - BloodstoneStrikeAdventure",
		"manifest": "https://themadcartographer.com/downloads/theme/00-adventures/mad-woadvbloodm-20101511928n/module.json"
	},
	{
		"name": "The Mad Cartographer - BunkerofShazshaAdventure",
		"manifest": "https://themadcartographer.com/downloads/theme/00-adventures/mad-woadvbunker-58p364g/module.json"
	},
	{
		"name": "The Mad Cartographer - DecayedLaboratoryAdventure",
		"manifest": "https://themadcartographer.com/downloads/theme/00-adventures/mad-woadvdeclab-8008135/module.json"
	},
	{
		"name": "The Mad Cartographer - ThingsFrozenAdventurePack",
		"manifest": "https://themadcartographer.com/downloads/theme/00-adventures/dml-thingsfrozen-or0f3fg/module.json"
	},
	{
		"name": "The Mad Cartographer - StaticAnimatedWinterScenes",
		"manifest": "https://themadcartographer.com/downloads/theme/00-adventures/mad-winterscenes-ch177y/module.json"
	},
	{
		"name": "The Mad Cartographer - ClassicDungeons",
		"manifest": "https://themadcartographer.com/downloads/theme/09-classdun/01-ATT-n29fgndd/module.json"
	},
	{
		"name": "The Mad Cartographer - Lairs",
		"manifest": "https://themadcartographer.com/downloads/theme/19-lairs-0jf943nfdff/module.json"
	},
	{
		"name": "The Mad Cartographer - Strongholds",
		"manifest": "https://themadcartographer.com/downloads/theme/20-strongholds-39jnfo3/module.json"
	},
	{
			"name": "Pyram King - GatesOfBarovia",
			"manifest": "https://pyramking.gitlab.io/foundry-adventure-modules/gatesbarovia/wWt3nD12mSt/module.json"
	},
	{
			"name": "Pyram King - TarokkaDeck",
			"manifest": "https://pyramking.gitlab.io/foundry-adventure-modules/tarokka/ou812ffsec/module.json"
	},
	{
			"name": "Pyram King - FeyQuest",
			"manifest": "https://pyramking.gitlab.io/foundry-adventure-modules/feyquest/p3ndTh15s3C1nMYf2v0r/module.json"
	},
	{
			"name": "Pyram King - RandomEncounterPack",
			"manifest": "https://pyramking.gitlab.io/foundry-adventure-modules/randomencounters/s3Cc2nsUXm3/module.json"
	},
	{
			"name": "Pyram King - BaroviaEncounterPack",
			"manifest": "https://pyramking.gitlab.io/foundry-adventure-modules/baroviaencounters/wW1t3NdIn3d2m0V3oN/module.json"
	},
	{
			"name": "Pyram King - CountsManor",
			"manifest": "https://pyramking.gitlab.io/foundry-adventure-modules/countsmanor/idg234daswer/module.json"
	},
	{
			"name": "Pyram King - CountsCrypt",
			"manifest": "https://pyramking.gitlab.io/foundry-adventure-modules/countscrypt/mS3CsUxba11s/module.json"
	},
	{
			"name": "Pyram King - VillageOfBarovia",
			"manifest": "https://pyramking.gitlab.io/foundry-adventure-modules/villageofbarovia/tRcsUx8bT/module.json"
	},
	{
			"name": "Pyram King - BaroviaBurgomaster",
			"manifest": "https://pyramking.gitlab.io/foundry-adventure-modules/burgomastersmansion/mY2miS3cSUx/module.json"
	},
	{
			"name": "Pyram King - BaroviaChurch",
			"manifest": "https://pyramking.gitlab.io/foundry-adventure-modules/baroviachurch/i8tH3s3csYtsUx/module.json"
	},
	{
			"name": "Pyram King - TheCrossroads",
			"manifest": "https://pyramking.gitlab.io/foundry-adventure-modules/crossroads/tbH42LnMo/module.json"
	},
	{
			"name": "Pyram King - TserPoolCamp",
			"manifest": "https://pyramking.gitlab.io/foundry-adventure-modules/tserpool/iWt2b0vrP/module.json"
	},
	{
			"name": "Pyram King - TserFalls",
			"manifest": "https://pyramking.gitlab.io/foundry-adventure-modules/tserfalls/Fui8SeCs8t/module.json"
	},
	{
			"name": "Pyram King - OldBoneGrinder",
			"manifest": "https://pyramking.gitlab.io/foundry-adventure-modules/bonegrinder/ggw1324wsd/module.json"
	},
	{
			"name": "Pyram King - BlueWaterInn",
			"manifest": "https://pyramking.gitlab.io/foundry-adventure-modules/bluewaterinn/shytsh0wi8s3c/module.json"
	},
	{
			"name": "Pyram King - ArasekStockyard",
			"manifest": "https://pyramking.gitlab.io/foundry-adventure-modules/stockyard/iHo1Grh31ps/module.json"
	},
	{
			"name": "Pyram King - CoffinMakerShop",
			"manifest": "https://pyramking.gitlab.io/foundry-adventure-modules/coffinmaker/S3cSuXb1Gb2lls/module.json"
	},
	{
			"name": "Pyram King - VallakiTownSquare",
			"manifest": "https://pyramking.gitlab.io/foundry-adventure-modules/vallakisquare/Nt2b0xpLs/module.json"
	},
	{
			"name": "Pyram King - StreetsofVallaki",
			"manifest": "https://pyramking.gitlab.io/foundry-adventure-modules/streetsofvallaki/gxt2e1xe9/module.json"
	},
	{
			"name": "Pyram King - StAndral",
			"manifest": "https://pyramking.gitlab.io/foundry-adventure-modules/standral/l3tM3b3imt/module.json"
	},
	{
			"name": "Pyram King - WachterHaus",
			"manifest": "https://pyramking.gitlab.io/foundry-adventure-modules/wachterhaus/IhTnh0p3w3f0m/module.json"
	},
	{
			"name": "Pyram King - VallakiBurgomaster",
			"manifest": "https://pyramking.gitlab.io/foundry-adventure-modules/vallakiburgomaster/7t7fUxSt1CksHyT/module.json"
	},
	{
			"name": "Pyram King - VistaniCamp",
			"manifest": "https://pyramking.gitlab.io/foundry-adventure-modules/vistanicamp/wWtsYts0w3ND/module.json"
	},
	{
			"name": "Pyram King - LakeZarovich",
			"manifest": "https://pyramking.gitlab.io/foundry-adventure-modules/lakezarovich/m0vNG4aBt68/module.json"
	},
	{
			"name": "Pyram King - WizardTower",
			"manifest": "https://pyramking.gitlab.io/foundry-adventure-modules/wizardtower/cR2pIYms3C/module.json"
	},
	{
			"name": "Pyram King - Krezk",
			"manifest": "https://pyramking.gitlab.io/foundry-adventure-modules/krezk/n33dmImu1an0w/module.json"
	},
	{
			"name": "Pyram King - AbbeyOfSaintMarkovia",
			"manifest": "https://pyramking.gitlab.io/foundry-adventure-modules/krezk/n33dmImu1an0w/module.json"
	},
	{
			"name": "Pyram King - WizardOfWines",
			"manifest": "https://pyramking.gitlab.io/foundry-adventure-modules/winery/s3cRshyTb1rd5/module.json"
	},
	{
			"name": "Pyram King - YesterHill",
			"manifest": "https://pyramking.gitlab.io/foundry-adventure-modules/yesterhill/iW15h1tW0od3Ndg3tc25H/module.json"
	},
	{
			"name": "Pyram King - WolfDen",
			"manifest": "https://pyramking.gitlab.io/foundry-adventure-modules/wolfden/tH3nYn0m0r3S3c/module.json"
	},
	{
			"name": "Pyram King - WorgCave",
			"manifest": "https://pyramking.gitlab.io/foundry-adventure-modules/worgcave/w0oDl1K32s33j2C3/module.json"
	},
	{
			"name": "Pyram King - BerezHexCrawl",
			"manifest": "https://pyramking.gitlab.io/foundry-adventure-modules/berezhex/sS1pp3rs3cbl0w5/module.json"
	},
	{
			"name": "Pyram King - AscentToTsolenka",
			"manifest": "https://pyramking.gitlab.io/foundry-adventure-modules/ascenttotsolenka/1t5Fk1n8c0lD/module.json"
	},
	{
			"name": "Pyram King - RuinsofBargau",
			"manifest": "https://pyramking.gitlab.io/foundry-adventure-modules/bargau/1h3Ar7C0st1sc0oL/module.json"
	},
	{
		"name": "DWW - https://www.dropbox.com/s/0p9c878zsa89pur/module.json?dl=1",
		"manifest": "https://www.dropbox.com/s/0p9c878zsa89pur/module.json?dl=1"
	},
	{
		"name": "DWW - https://www.dropbox.com/s/2aatsbzll8gvzhx/module.json?dl=1",
		"manifest": "https://www.dropbox.com/s/2aatsbzll8gvzhx/module.json?dl=1"
	},
	{
		"name": "DWW - https://www.dropbox.com/s/39l7hymq17q8v1k/module.json?dl=1",
		"manifest": "https://www.dropbox.com/s/39l7hymq17q8v1k/module.json?dl=1"
	},
	{
		"name": "DWW - https://www.dropbox.com/s/9j8iaf9q3s72vlj/module.json?dl=1",
		"manifest": "https://www.dropbox.com/s/9j8iaf9q3s72vlj/module.json?dl=1"
	},
	{
		"name": "DWW - https://www.dropbox.com/s/a3w6pyu8a94z1r8/module.json?dl=1",
		"manifest": "https://www.dropbox.com/s/a3w6pyu8a94z1r8/module.json?dl=1"
	},
	{
		"name": "DWW - https://www.dropbox.com/s/brqjz2piq4zlzhv/module.json?dl=1",
		"manifest": "https://www.dropbox.com/s/brqjz2piq4zlzhv/module.json?dl=1"
	},
	{
		"name": "DWW - https://www.dropbox.com/s/fautt16lsepga98/module.json?dl=1",
		"manifest": "https://www.dropbox.com/s/fautt16lsepga98/module.json?dl=1"
	},
	{
		"name": "DWW - https://www.dropbox.com/s/ick6yi96gm0abr8/module.json?dl=1",
		"manifest": "https://www.dropbox.com/s/ick6yi96gm0abr8/module.json?dl=1"
	},
	{
		"name": "DWW - https://www.dropbox.com/s/jak4id0sfygbyzl/module.json?dl=1",
		"manifest": "https://www.dropbox.com/s/jak4id0sfygbyzl/module.json?dl=1"
	},
	{
		"name": "DWW - https://www.dropbox.com/s/lr5e3dyao1v30ob/module.json?dl=1",
		"manifest": "https://www.dropbox.com/s/lr5e3dyao1v30ob/module.json?dl=1"
	},
	{
		"name": "DWW - https://www.dropbox.com/s/p1defzz3kweg6vi/module.json?dl=1",
		"manifest": "https://www.dropbox.com/s/p1defzz3kweg6vi/module.json?dl=1"
	},
	{
		"name": "DWW - https://www.dropbox.com/s/qm9f8v45il25q04/module.json?dl=1",
		"manifest": "https://www.dropbox.com/s/qm9f8v45il25q04/module.json?dl=1"
	},
	{
		"name": "DWW - https://www.dropbox.com/s/sdayn1pnnrvksrw/module.json?dl=1",
		"manifest": "https://www.dropbox.com/s/sdayn1pnnrvksrw/module.json?dl=1"
	},
	{
		"name": "DWW - https://www.dropbox.com/s/vjccdjk0p9g6wjz/module.json?dl=1",
		"manifest": "https://www.dropbox.com/s/vjccdjk0p9g6wjz/module.json?dl=1"
	},
	{
		"name": "DWW - https://www.dropbox.com/s/w6ctt6xdmi7sw9v/module.json?dl=1",
		"manifest": "https://www.dropbox.com/s/w6ctt6xdmi7sw9v/module.json?dl=1"
	},
	{
		"name": "DWW - dww-airship-dock",
		"manifest": "http://dwwbattlemaps.com/foundry-packs-back-catalogue/dww-airship-dock/module.json"
	},
	{
		"name": "DWW - dww-ancient-tomb-interior",
		"manifest": "http://dwwbattlemaps.com/foundry-packs-back-catalogue/dww-ancient-tomb-interior/module.json"
	},
	{
		"name": "DWW - dww-arcane-library",
		"manifest": "http://dwwbattlemaps.com/foundry-packs-back-catalogue/dww-arcane-library/module.json"
	},
	{
		"name": "DWW - dww-astral-ship",
		"manifest": "http://dwwbattlemaps.com/foundry-packs-back-catalogue/dww-astral-ship/module.json"
	},
	{
		"name": "DWW - dww-astronomy-hall",
		"manifest": "http://dwwbattlemaps.com/foundry-packs-back-catalogue/dww-astronomy-hall/module.json"
	},
	{
		"name": "DWW - dww-benders-folly",
		"manifest": "http://dwwbattlemaps.com/foundry-packs-back-catalogue/dww-benders-folly/module.json"
	},
	{
		"name": "DWW - dww-boss-room",
		"manifest": "http://dwwbattlemaps.com/foundry-packs-back-catalogue/dww-boss-room/module.json"
	},
	{
		"name": "DWW - dww-bridge-of-the-dead",
		"manifest": "http://dwwbattlemaps.com/foundry-packs-back-catalogue/dww-bridge-of-the-dead/module.json"
	},
	{
		"name": "DWW - dww-calcifers-drift-airship",
		"manifest": "http://dwwbattlemaps.com/foundry-packs-back-catalogue/dww-calcifers-drift-airship/module.json"
	},
	{
		"name": "DWW - dww-carriage-crash",
		"manifest": "http://dwwbattlemaps.com/foundry-packs-back-catalogue/dww-carriage-crash/module.json"
	},
	{
		"name": "DWW - dww-cavern-lake",
		"manifest": "http://dwwbattlemaps.com/foundry-packs-back-catalogue/dww-cavern-lake/module.json"
	},
	{
		"name": "DWW - dww-changing-maze",
		"manifest": "http://dwwbattlemaps.com/foundry-packs-back-catalogue/dww-changing-maze/module.json"
	},
	{
		"name": "DWW - dww-city-bridge",
		"manifest": "http://dwwbattlemaps.com/foundry-packs-back-catalogue/dww-city-bridge/module.json"
	},
	{
		"name": "DWW - dww-city-gate",
		"manifest": "http://dwwbattlemaps.com/foundry-packs-back-catalogue/dww-city-gate/module.json"
	},
	{
		"name": "DWW - dww-cliff-elevator",
		"manifest": "http://dwwbattlemaps.com/foundry-packs-back-catalogue/dww-cliff-elevator/module.json"
	},
	{
		"name": "DWW - dww-cloud-temple-interior",
		"manifest": "http://dwwbattlemaps.com/foundry-packs-back-catalogue/dww-cloud-temple-interior/module.json"
	},
	{
		"name": "DWW - dww-cloud-temple-rafters",
		"manifest": "http://dwwbattlemaps.com/foundry-packs-back-catalogue/dww-cloud-temple-rafters/module.json"
	},
	{
		"name": "DWW - dww-colossus",
		"manifest": "http://dwwbattlemaps.com/foundry-packs-back-catalogue/dww-colossus/module.json"
	},
	{
		"name": "DWW - dww-crashing-airship",
		"manifest": "http://dwwbattlemaps.com/foundry-packs-back-catalogue/dww-crashing-airship/module.json"
	},
	{
		"name": "DWW - dww-crashing-train",
		"manifest": "http://dwwbattlemaps.com/foundry-packs-back-catalogue/dww-crashing-train/module.json"
	},
	{
		"name": "DWW - dww-dam-breaking",
		"manifest": "http://dwwbattlemaps.com/foundry-packs-back-catalogue/dww-dam-breaking/module.json"
	},
	{
		"name": "DWW - dww-dark-portal",
		"manifest": "http://dwwbattlemaps.com/foundry-packs-back-catalogue/dww-dark-portal/module.json"
	},
	{
		"name": "DWW - dww-dragon-battlefield",
		"manifest": "http://dwwbattlemaps.com/foundry-packs-back-catalogue/dww-dragon-battlefield/module.json"
	},
	{
		"name": "DWW - dww-drawbridge",
		"manifest": "http://dwwbattlemaps.com/foundry-packs-back-catalogue/dww-drawbridge/module.json"
	},
	{
		"name": "DWW - dww-druid-hideout2",
		"manifest": "http://dwwbattlemaps.com/foundry-packs-back-catalogue/dww-druid-hideout2/module.json"
	},
	{
		"name": "DWW - dww-egyptian-temple-exterior",
		"manifest": "http://dwwbattlemaps.com/foundry-packs-back-catalogue/dww-egyptian-temple-exterior/module.json"
	},
	{
		"name": "DWW - dww-elder-brain",
		"manifest": "http://dwwbattlemaps.com/foundry-packs-back-catalogue/dww-elder-brain/module.json"
	},
	{
		"name": "DWW - dww-eye",
		"manifest": "http://dwwbattlemaps.com/foundry-packs-back-catalogue/dww-eye/module.json"
	},
	{
		"name": "DWW - dww-fall-festival",
		"manifest": "http://dwwbattlemaps.com/foundry-packs-back-catalogue/dww-fall-festival/module.json"
	},
	{
		"name": "DWW - dww-far-realms",
		"manifest": "http://dwwbattlemaps.com/foundry-packs-back-catalogue/dww-far-realms/module.json"
	},
	{
		"name": "DWW - dww-fighting-pit",
		"manifest": "http://dwwbattlemaps.com/foundry-packs-back-catalogue/dww-fighting-pit/module.json"
	},
	{
		"name": "DWW - dww-floating-islands",
		"manifest": "http://dwwbattlemaps.com/foundry-packs-back-catalogue/dww-floating-islands/module.json"
	},
	{
		"name": "DWW - dww-forest-fire",
		"manifest": "http://dwwbattlemaps.com/foundry-packs-back-catalogue/dww-forest-fire/module.json"
	},
	{
		"name": "DWW - dww-forest-river",
		"manifest": "http://dwwbattlemaps.com/foundry-packs-back-catalogue/dww-forest-river/module.json"
	},
	{
		"name": "DWW - dww-forest-skinholes",
		"manifest": "http://dwwbattlemaps.com/foundry-packs-back-catalogue/dww-forest-skinholes/module.json"
	},
	{
		"name": "DWW - dww-ghost-ship-vorhalen",
		"manifest": "http://dwwbattlemaps.com/foundry-packs-back-catalogue/dww-ghost-ship-vorhalen/module.json"
	},
	{
		"name": "DWW - dww-golden-bridge",
		"manifest": "http://dwwbattlemaps.com/foundry-packs-back-catalogue/dww-golden-bridge/module.json"
	},
	{
		"name": "DWW - dww-hand-of-cthulhu",
		"manifest": "http://dwwbattlemaps.com/foundry-packs-back-catalogue/dww-hand-of-cthulhu/module.json"
	},
	{
		"name": "DWW - dww-kaer-morhen",
		"manifest": "http://dwwbattlemaps.com/foundry-packs-back-catalogue/dww-kaer-morhen/module.json"
	},
	{
		"name": "DWW - dww-kracken-attack",
		"manifest": "http://dwwbattlemaps.com/foundry-packs-back-catalogue/dww-kracken-attack/module.json"
	},
	{
		"name": "DWW - dww-lava-cave",
		"manifest": "http://dwwbattlemaps.com/foundry-packs-back-catalogue/dww-lava-cave/module.json"
	},
	{
		"name": "DWW - dww-megalodon",
		"manifest": "http://dwwbattlemaps.com/foundry-packs-back-catalogue/dww-megalodon/module.json"
	},
	{
		"name": "DWW - dww-minecart-track",
		"manifest": "http://dwwbattlemaps.com/foundry-packs-back-catalogue/dww-minecart-track/module.json"
	},
	{
		"name": "DWW - dww-mountain-ascent",
		"manifest": "http://dwwbattlemaps.com/foundry-packs-back-catalogue/dww-mountain-ascent/module.json"
	},
	{
		"name": "DWW - dww-mountain-pass",
		"manifest": "http://dwwbattlemaps.com/foundry-packs-back-catalogue/dww-mountain-pass/module.json"
	},
	{
		"name": "DWW - dww-nightmare-realm",
		"manifest": "http://dwwbattlemaps.com/foundry-packs-back-catalogue/dww-nightmare-realm/module.json"
	},
	{
		"name": "DWW - dww-ocean-monument",
		"manifest": "http://dwwbattlemaps.com/foundry-packs-back-catalogue/dww-ocean-monument/module.json"
	},
	{
		"name": "DWW - dww-old-god-awakening",
		"manifest": "http://dwwbattlemaps.com/foundry-packs-back-catalogue/dww-old-god-awakening/module.json"
	},
	{
		"name": "DWW - dww-old-god-mountain",
		"manifest": "http://dwwbattlemaps.com/foundry-packs-back-catalogue/dww-old-god-mountain/module.json"
	},
	{
		"name": "DWW - dww-pond-hut",
		"manifest": "http://dwwbattlemaps.com/foundry-packs-back-catalogue/dww-pond-hut/module.json"
	},
	{
		"name": "DWW - dww-pumpkin-hut",
		"manifest": "http://dwwbattlemaps.com/foundry-packs-back-catalogue/dww-pumpkin-hut/module.json"
	},
	{
		"name": "DWW - dww-rainbow-bridge",
		"manifest": "http://dwwbattlemaps.com/foundry-packs-back-catalogue/dww-rainbow-bridge/module.json"
	},
	{
		"name": "DWW - dww-ritual-temple-exterior",
		"manifest": "http://dwwbattlemaps.com/foundry-packs-back-catalogue/dww-ritual-temple-exterior/module.json"
	},
	{
		"name": "DWW - dww-ritual-temple",
		"manifest": "http://dwwbattlemaps.com/foundry-packs-back-catalogue/dww-ritual-temple/module.json"
	},
	{
		"name": "DWW - dww-river-styx",
		"manifest": "http://dwwbattlemaps.com/foundry-packs-back-catalogue/dww-river-styx/module.json"
	},
	{
		"name": "DWW - dww-rlyeh",
		"manifest": "http://dwwbattlemaps.com/foundry-packs-back-catalogue/dww-rlyeh/module.json"
	},
	{
		"name": "DWW - dww-rocks-fall",
		"manifest": "http://dwwbattlemaps.com/foundry-packs-back-catalogue/dww-rocks-fall/module.json"
	},
	{
		"name": "DWW - dww-rocky-forest-river-flood",
		"manifest": "http://dwwbattlemaps.com/foundry-packs-back-catalogue/dww-rocky-forest-river-flood/module.json"
	},
	{
		"name": "DWW - dww-roc-mount",
		"manifest": "http://dwwbattlemaps.com/foundry-packs-back-catalogue/dww-roc-mount/module.json"
	},
	{
		"name": "DWW - dww-rope-bridge",
		"manifest": "http://dwwbattlemaps.com/foundry-packs-back-catalogue/dww-rope-bridge/module.json"
	},
	{
		"name": "DWW - dww-royal-cartographers-quarters",
		"manifest": "http://dwwbattlemaps.com/foundry-packs-back-catalogue/dww-royal-cartographers-quarters/module.json"
	},
	{
		"name": "DWW - dww-secret-docks",
		"manifest": "http://dwwbattlemaps.com/foundry-packs-back-catalogue/dww-secret-docks/module.json"
	},
	{
		"name": "DWW - dww-shadowfey-portal",
		"manifest": "http://dwwbattlemaps.com/foundry-packs-back-catalogue/dww-shadowfey-portal/module.json"
	},
	{
		"name": "DWW - dww-shards-storm-giant-sword",
		"manifest": "http://dwwbattlemaps.com/foundry-packs-back-catalogue/dww-shards-storm-giant-sword/module.json"
	},
	{
		"name": "DWW - dww-sinking-ship",
		"manifest": "http://dwwbattlemaps.com/foundry-packs-back-catalogue/dww-sinking-ship/module.json"
	},
	{
		"name": "DWW - dww-sleeping-giant",
		"manifest": "http://dwwbattlemaps.com/foundry-packs-back-catalogue/dww-sleeping-giant/module.json"
	},
	{
		"name": "DWW - dww-small-sinking-boat",
		"manifest": "http://dwwbattlemaps.com/foundry-packs-back-catalogue/dww-small-sinking-boat/module.json"
	},
	{
		"name": "DWW - dww-stone-bridge",
		"manifest": "http://dwwbattlemaps.com/foundry-packs-back-catalogue/dww-stone-bridge/module.json"
	},
	{
		"name": "DWW - dww-street-quake",
		"manifest": "http://dwwbattlemaps.com/foundry-packs-back-catalogue/dww-street-quake/module.json"
	},
	{
		"name": "DWW - dww-temple-of-judgement",
		"manifest": "http://dwwbattlemaps.com/foundry-packs-back-catalogue/dww-temple-of-judgement/module.json"
	},
	{
		"name": "DWW - dww-throne-room",
		"manifest": "http://dwwbattlemaps.com/foundry-packs-back-catalogue/dww-throne-room/module.json"
	},
	{
		"name": "DWW - dww-traveling-turtle",
		"manifest": "http://dwwbattlemaps.com/foundry-packs-back-catalogue/dww-traveling-turtle/module.json"
	},
	{
		"name": "DWW - dww-underground-ziggurat",
		"manifest": "http://dwwbattlemaps.com/foundry-packs-back-catalogue/dww-underground-ziggurat/module.json"
	},
	{
		"name": "DWW - dww-volcano-temple",
		"manifest": "http://dwwbattlemaps.com/foundry-packs-back-catalogue/dww-volcano-temple/module.json"
	},
	{
		"name": "DWW - dww-warrior-statue",
		"manifest": "http://dwwbattlemaps.com/foundry-packs-back-catalogue/dww-warrior-statue/module.json"
	},
	{
		"name": "DWW - dww-waterfall-statues",
		"manifest": "http://dwwbattlemaps.com/foundry-packs-back-catalogue/dww-waterfall-statues/module.json"
	},
	{
		"name": "DWW - dww-white-dragon-caves",
		"manifest": "http://dwwbattlemaps.com/foundry-packs-back-catalogue/dww-white-dragon-caves/module.json"
	},
	{
		"name": "DWW - dww-white-dragon-lair",
		"manifest": "http://dwwbattlemaps.com/foundry-packs-back-catalogue/dww-white-dragon-lair/module.json"
	},
	{
		"name": "DWW - dww-abyss",
		"manifest": "http://dwwbattlemaps.com/foundry-packs/dww-abyss/module.json"
	},
	{
		"name": "DWW - dww-curse-of-the-pyramid",
		"manifest": "http://dwwbattlemaps.com/foundry-packs/dww-curse-of-the-pyramid/module.json"
	},
	{
		"name": "DWW - dww-maelstrom",
		"manifest": "http://dwwbattlemaps.com/foundry-packs/dww-maelstrom/module.json"
	},
	{
		"name": "DWW - dww-vampire-pass",
		"manifest": "http://dwwbattlemaps.com/foundry-packs/dww-vampire-pass/module.json"
	}
],
  "url": "",
  "manifest": "https://github.com/ginnoir/foundry/releases/download/bulkpatreon/module.json",
  "download": "https://github.com/ginnoir/foundry/releases/download/bulkpatreon/bulkpatreon.zip",
  "manifestPlusVersion": "1.2.0"
}

