{
  "name": "bulkpatreon",
  "title": "bulkpatreon",
  "description": "Collection of patreon links",
  "version": "1.0.0",
  "minimumCoreVersion": "0.7.9",
  "compatibleCoreVersion": "9",
  "author": "ginnoir",
  "authors": [
    {
      "name": "ginnoir"
    }
  ],
  "packs": [],
  "esmodules": [
    "./scripts/init.js"
  ],
  "dependencies": [
	{
		"name": "Moonlight Maps - BlacksmithStore",
		"manifest": "https://www.dropbox.com/s/nn2db3flh82rdw3/module.json?dl=1"
	},
	{
		"name": "Moonlight Maps - CaveEntrance",
		"manifest": "https://www.dropbox.com/s/2wudhp1kxsqtffk/module.json?dl=1"
	},
	{
		"name": "Moonlight Maps - DarkCavern",
		"manifest": "https://www.dropbox.com/s/llfiy4tpkin5spn/module.json?dl=1"
	},
	{
		"name": "Moonlight Maps - FeyForest",
		"manifest": "https://www.dropbox.com/s/w3sgpkb96l6wncv/module.json?dl=1"
	},
	{
		"name": "Moonlight Maps - FeyRiver",
		"manifest": "https://www.dropbox.com/s/qnyy917raahnrcp/module.json?dl=1"
	},
	{
		"name": "Moonlight Maps - FightingPit",
		"manifest": "https://www.dropbox.com/s/tq4nl2bhc7ugwxt/module.json?dl=1"
	},
	{
		"name": "Moonlight Maps - ForestCottage",
		"manifest": "https://www.dropbox.com/s/135ghp1hlbrhgur/module.json?dl=1"
	},
	{
		"name": "Moonlight Maps - ForestGlade",
		"manifest": "https://www.dropbox.com/s/bu2kforaoi1yxoh/module.json?dl=1"
	},
	{
		"name": "Moonlight Maps - GraveyardMausoleum",
		"manifest": "https://www.dropbox.com/s/ywxpm73rohg3cln/module.json?dl=1"
	},
	{
		"name": "Moonlight Maps - CliffPass",
		"manifest": "https://www.dropbox.com/s/c4yieskjc6kudat/module.json?dl=1"
	},
	{
		"name": "Moonlight Maps - CliffEdge",
		"manifest": "https://www.dropbox.com/s/4uf4iapqvqdp6sx/module.json?dl=1"
	},
	{
		"name": "Moonlight Maps - Riverside",
		"manifest": "https://www.dropbox.com/s/32poo9dm5ifpr3e/module.json?dl=1"
	},
	{
		"name": "Moonlight Maps - ForestRoad",
		"manifest": "https://www.dropbox.com/s/3lv50vefx4ievvr/module.json?dl=1"
	},
	{
		"name": "Moonlight Maps - HilltopRitual",
		"manifest": "https://www.dropbox.com/s/8emwbxn3cujzi0l/module.json?dl=1"
	},
	{
		"name": "Moonlight Maps - HuntersRavine",
		"manifest": "https://www.dropbox.com/s/3f24he56yydkkdy/module.json?dl=1"
	},
	{
		"name": "Moonlight Maps - GeneralStore",
		"manifest": "https://www.dropbox.com/s/21wflu0yvxezqdl/module.json?dl=1"
	},
	{
		"name": "Moonlight Maps - LakesideVillage",
		"manifest": "https://www.dropbox.com/s/dbc4xi6824yyziy/module.json?dl=1"
	},
	{
		"name": "Moonlight Maps - VillageOutskirts",
		"manifest": "https://www.dropbox.com/s/oyi9bvn6v38av39/module.json?dl=1"
	},
	{
		"name": "Moonlight Maps - NordicThrone",
		"manifest": "https://www.dropbox.com/s/8z47k16kah90bk3/module.json?dl=1"
	},
	{
		"name": "Moonlight Maps - StoneBridge",
		"manifest": "https://www.dropbox.com/s/yx59jieqrkue76o/module.json?dl=1"
	},
	{
		"name": "Moonlight Maps - TheTavern",
		"manifest": "https://www.dropbox.com/s/6np8ktr9y22we5m/module.json?dl=1"
	},
	{
		"name": "Moonlight Maps - VillageFestival",
		"manifest": "https://www.dropbox.com/s/sk3v9q0rieoie4g/module.json?dl=1"
	},
	{
		"name": "Moonlight Maps - MountainBridge",
		"manifest": "https://www.dropbox.com/s/4r5oz9asg6l7abi/module.json?dl=1"
	},
	{
		"name": "Moonlight Maps - CaravanCamp",
		"manifest": "https://www.dropbox.com/s/tyoszczvyrubybj/module.json?dl=1"
	},
	{
		"name": "Moonlight Maps - MountainTemple",
		"manifest": "https://www.dropbox.com/s/dm6x43pdozdlv7b/module.json?dl=1"
	},
	{
		"name": "Moonlight Maps - JungleCamp",
		"manifest": "https://www.dropbox.com/s/nkydcft2ypjvp5j/module.json?dl=1"
	},
	{
		"name": "Moonlight Maps - HeatherHouse",
		"manifest": "https://www.dropbox.com/s/ma7qdfhtoomega5/module.json?dl=1"
	},
	{
		"name": "Moonlight Maps - FeyPool",
		"manifest": "https://www.dropbox.com/s/kvyax3gwg1ufygj/module.json?dl=1"
	},
	{
		"name": "Moonlight Maps - ForestSwitchMaps",
		"manifest": "https://www.dropbox.com/s/6u1pghbtd3mt3uh/module.json?dl=1"
	},
	{
		"name": "Moonlight Maps - RoadsideCamp",
		"manifest": "https://www.dropbox.com/s/e735ax282h76kj4/module.json?dl=1"
	},
	{
		"name": "Moonlight Maps - UnderdarkTiers",
		"manifest": "https://www.dropbox.com/s/f65rit7f5do7tfm/module.json?dl=1"
	},
	{
		"name": "Moonlight Maps - KingoftheHill",
		"manifest": "https://www.dropbox.com/s/fox1r1sgnnxova8/module.json?dl=1"
	},
	{
		"name": "Moonlight Maps - CityTavern",
		"manifest": "https://www.dropbox.com/s/igucz2knsy62zip/module.json?dl=1"
	},
	{
		"name": "Moonlight Maps - WizardsTower",
		"manifest": "https://www.dropbox.com/s/zaxn6jlidv1jw3b/module.json?dl=1"
	},
	{
		"name": "Moonlight Maps - SwampPath",
		"manifest": "https://www.dropbox.com/s/vcmxkugfpr03x16/module.json?dl=1"
	},
	{
		"name": "Moonlight Maps - MagicShop",
		"manifest": "https://www.dropbox.com/s/vwzudvdjb631z6j/module.json?dl=1"
	},
	{
		"name": "Moonlight Maps - CityStreet",
		"manifest": "https://www.dropbox.com/s/a9elnrev3213t58/module.json?dl=1"
	},
	{
		"name": "Moonlight Maps - ForestStreamCrossing",
		"manifest": "https://www.dropbox.com/s/05hzsgiw4uv89r9/module.json?dl=1"
	},
	{
		"name": "Moonlight Maps - ArcheryTournament",
		"manifest": "https://www.dropbox.com/s/v9t8tdrio8x04wq/module.json?dl=1"
	},
	{
		"name": "Moonlight Maps - CanyonPass",
		"manifest": "https://dl.dropbox.com/s/n6miamrr51pmwvt/module.json"
	},
	{
		"name": "Moonlight Maps - CoastalForest",
		"manifest": "https://dl.dropbox.com/s/ivbvfy2k3urdirb/module.json"
	},
	{
		"name": "Moonlight Maps - HillsideRuins",
		"manifest": "https://dl.dropbox.com/s/tth46pxw3n6f9qq/module.json"
	},
	{
		"name": "Moonlight Maps - CityMarket",
		"manifest": "https://dl.dropbox.com/s/xbkpuezb2td4ml5/module.json"
	},
	{
		"name": "Moonlight Maps - Catacombs",
		"manifest": "https://dl.dropbox.com/s/hdthcilxzil5v24/module.json"
	},
	{
		"name": "Moonlight Maps - DungeonPrison",
		"manifest": "https://dl.dropbox.com/s/yu3j5j5xd6bn3na/module.json"
	},
	{
		"name": "Moonlight Maps - ForestValley",
		"manifest": "https://dl.dropbox.com/s/q3by2q3mll6kt5f/module.json"
	},
	{
		"name": "Moonlight Maps - MountainGate",
		"manifest": "https://dl.dropbox.com/s/syfx5jafpsr3fdl/module.json"
	},
	{
		"name": "Moonlight Maps - DragonsLairCavern",
		"manifest": "https://dl.dropbox.com/s/h40z5h7r8izlbdf/module.json"
	},
	{
		"name": "Moonlight Maps - AncientPortal",
		"manifest": "https://dl.dropbox.com/s/fpavjqusu4tzlxw/module.json"
	},
	{
		"name": "Moonlight Maps - CityFountain",
		"manifest": "https://dl.dropbox.com/s/xzi9geq9vkwclw0/module.json"
	},
	{
		"name": "Moonlight Maps - DungeonCult",
		"manifest": "https://dl.dropbox.com/s/d5s9g38ekp4im2r/module.json"
	},
	{
		"name": "Moonlight Maps - ColossusStatue",
		"manifest": "https://dl.dropbox.com/s/7klhkcfjhynezst/module.json"
	},
	{
		"name": "Moonlight Maps - CavePool",
		"manifest": "https://dl.dropbox.com/s/fmh2rx9ebs5zu68/module.json"
	},
	{
		"name": "The Mad Cartographer - Deserts",
		"manifest": "https://themadcartographer.com/downloads/theme/17-deserts-mf9mfff43/module.json"
	},
	{
		"name": "The Mad Cartographer - Faewilds",
		"manifest": "https://themadcartographer.com/downloads/theme/16-faewilds-n30fmg03f/module.json"
	},
	{
		"name": "The Mad Cartographer - WretchedCaverns",
		"manifest": "https://themadcartographer.com/downloads/theme/00-adventures/mad-woadvwretched-5125559sa/module.json"
	},
	{
		"name": "The Mad Cartographer - TownsCities",
		"manifest": "https://themadcartographer.com/downloads/theme/15-townscities-g39jdfggg/module.json"
	},
	{
		"name": "The Mad Cartographer - DreadedDomainsFoundryMapPack",
		"manifest": "https://themadcartographer.com/downloads/theme/14-dreadeddomains2-kfn904nfnf/module.json"
	},
	{
		"name": "The Mad Cartographer - CavernsThemeFoundryMapPack",
		"manifest": "https://themadcartographer.com/downloads/theme/01-caverns/02-MAP-93nndigksifje3ikk/module.json"
	},
	{
		"name": "The Mad Cartographer - UrbanExteriorsThemeFoundryMapPack",
		"manifest": "https://themadcartographer.com/downloads/theme/02-urbanext/02-MAP-jsdjjioapfifj/module.json"
	},
	{
		"name": "The Mad Cartographer - ForestWildernessThemeFoundryMapPack",
		"manifest": "https://themadcartographer.com/downloads/theme/02-urbanext/02-MAP-jsdjjioapfifj/module.json"
	},
	{
		"name": "The Mad Cartographer - SummerBundleFoundryMapPack",
		"manifest": "https://themadcartographer.com/downloads/theme/00-adventures/summer-bundle-mf93f/module.json"
	},
	{
		"name": "The Mad Cartographer - FountainofOchkhoroFoundryAdventure",
		"manifest": "https://themadcartographer.com/downloads/theme/00-adventures/wo-fountochk-9jg4njdg/module.json"
	},
	{
		"name": "The Mad Cartographer - DreadedDomains",
		"manifest": "https://themadcartographer.com/downloads/theme/13-dreadeddomains/01-ATT-FVTT-0kf9j3f/module.json"
	},
	{
		"name": "The Mad Cartographer - TheWormWitchFoundryAdventure",
		"manifest": "https://themadcartographer.com/downloads/theme/00-adventures/dml-thewormwitch-f9o4k0kfff/module.json"
	},
	{
		"name": "The Mad Cartographer - Adventures",
		"manifest": "https://themadcartographer.com/downloads/theme/12-adventures/01-ATT-j49mdjg/FoundryVTT-38ij8jg/module.json"
	},
	{
		"name": "The Mad Cartographer - WizardsChoiceFoundryMapPack",
		"manifest": "https://themadcartographer.com/downloads/theme/11-wizardschoice/01-ATT-09jkf30j0s/FoundryVTT-309jd0jg/module.json"
	},
	{
		"name": "The Mad Cartographer - WormWitchFoundryAdventure",
		"manifest": "https://themadcartographer.com/downloads/theme/00-adventures/dml-thewormwitch-f9o4k0kfff/module.json"
	},
	{
		"name": "The Mad Cartographer - WormWitchFiles",
		"manifest": "https://themadcartographer.com/downloads/theme/00-adventures/dml-thewormwitch-f9o4k0kfff/The-Worm-Witch.zip"
	},
	{
		"name": "The Mad Cartographer - CavernsUrbanExteriorsForestWildernessandMythicGreece",
		"manifest": "https://themadcartographer.com/downloads/theme/06-cotf/01-ATT-83bhde9of/MAD-AllTheThingsContent.pdf"
	},
	{
		"name": "The Mad Cartographer - Swamps",
		"manifest": "https://themadcartographer.com/downloads/theme/08-swamp/01-ATT-fmskffgg/module.json"
	},
	{
		"name": "The Mad Cartographer - ThingsFrozen",
		"manifest": "https://themadcartographer.com/downloads/theme/00-adventures/dml-thingsfrozen-or0f3fg/module.json"
	},
	{
		"name": "The Mad Cartographer - ClassicDungeons2",
		"manifest": "https://themadcartographer.com/downloads/theme/10-classdun2/02-MAP-kfmrfj94/FoundryVTT-0rd3rgf/module.json"
	},
	{
		"name": "The Mad Cartographer - ClassicDungeonsMapPack",
		"manifest": "https://themadcartographer.com/downloads/theme/09-classdun/01-ATT-n29fgndd/module.json"
	},
	{
		"name": "The Mad Cartographer - WeekendOneshotAdventure1BeneathSurestoneAbbey",
		"manifest": "https://themadcartographer.com/downloads/theme/00-adventures/wo-surestone-88nfjdif/module.json"
	},
	{
		"name": "The Mad Cartographer - WeekendOneshotAdventure2CultofthePurpleKnight",
		"manifest": "https://themadcartographer.com/downloads/theme/00-adventures/wo-purpleknife-sngbleje/module.json"
	},
	{
		"name": "The Mad Cartographer - WeekendOneshotAdventure3DorgathsCrypt",
		"manifest": "https://themadcartographer.com/downloads/theme/00-adventures/wo-dorgathscrypt-ofnfu54944/module.json"
	},
	{
		"name": "The Mad Cartographer - PickNMix2Theme",
		"manifest": "https://themadcartographer.com/downloads/theme/18-picknmix2-f9jf43e/module.json"
	},
	{
		"name": "The Mad Cartographer - CraftyCollection",
		"manifest": "https://themadcartographer.com/downloads/theme/00-adventures/crafty-collection-93rjnr9f/module.json"
	},
	{
		"name": "The Mad Cartographer - CurseoftheFrostmaidenTheme",
		"manifest": "https://themadcartographer.com/downloads/theme/06-cotf/01-ATT-83bhde9of/module.json"
	},
	{
		"name": "The Mad Cartographer - MedusaLairAdventure",
		"manifest": "https://themadcartographer.com/downloads/theme/00-adventures/mad-woadvmedusa-h1555555/module.json"
	},
	{
		"name": "The Mad Cartographer - BloodstoneStrikeAdventure",
		"manifest": "https://themadcartographer.com/downloads/theme/00-adventures/mad-woadvbloodm-20101511928n/module.json"
	},
	{
		"name": "The Mad Cartographer - BunkerofShazshaAdventure",
		"manifest": "https://themadcartographer.com/downloads/theme/00-adventures/mad-woadvbunker-58p364g/module.json"
	},
	{
		"name": "The Mad Cartographer - DecayedLaboratoryAdventure",
		"manifest": "https://themadcartographer.com/downloads/theme/00-adventures/mad-woadvdeclab-8008135/module.json"
	},
	{
		"name": "The Mad Cartographer - ThingsFrozenAdventurePack",
		"manifest": "https://themadcartographer.com/downloads/theme/00-adventures/dml-thingsfrozen-or0f3fg/module.json"
	},
	{
		"name": "The Mad Cartographer - StaticAnimatedWinterScenes",
		"manifest": "https://themadcartographer.com/downloads/theme/00-adventures/mad-winterscenes-ch177y/module.json"
	},
	{
		"name": "The Mad Cartographer - ClassicDungeons",
		"manifest": "https://themadcartographer.com/downloads/theme/09-classdun/01-ATT-n29fgndd/module.json"
	},
	{
		"name": "The Mad Cartographer - Lairs",
		"manifest": "https://themadcartographer.com/downloads/theme/19-lairs-0jf943nfdff/module.json"
	},
	{
		"name": "The Mad Cartographer - Strongholds",
		"manifest": "https://themadcartographer.com/downloads/theme/20-strongholds-39jnfo3/module.json"
	}
],
  "url": "",
  "manifest": "",
  "download": "",
  "manifestPlusVersion": "1.2.0"
}